date,Warengruppe,umsatz_predicted
2018-08-01,1.0,258.8765174414085
2018-08-01,2.0,253.9159824167552
2018-08-01,3.0,248.95544739210195
2018-08-01,4.0,243.99491236744865
2018-08-01,5.0,239.03437734279538
2018-08-02,1.0,258.8765174414085
2018-08-02,2.0,253.9159824167552
2018-08-02,3.0,248.95544739210195
2018-08-02,4.0,243.99491236744865
2018-08-02,5.0,239.03437734279538
2018-08-03,1.0,258.8765174414085
2018-08-03,2.0,253.9159824167552
2018-08-03,3.0,248.95544739210195
2018-08-03,4.0,243.99491236744865
2018-08-03,5.0,239.03437734279538
2018-08-04,1.0,311.57456492643166
2018-08-04,2.0,306.6140299017784
2018-08-04,3.0,301.6534948771251
2018-08-04,4.0,296.6929598524718
2018-08-04,5.0,291.73242482781853
2018-08-05,1.0,311.57456492643166
2018-08-05,2.0,306.6140299017784
2018-08-05,3.0,301.6534948771251
2018-08-05,4.0,296.6929598524718
2018-08-05,5.0,291.73242482781853
2018-08-06,1.0,258.8765174414085
2018-08-06,2.0,253.9159824167552
2018-08-06,3.0,248.95544739210195
2018-08-06,4.0,243.99491236744865
2018-08-06,5.0,239.03437734279538
2018-08-07,1.0,258.8765174414085
2018-08-07,2.0,253.9159824167552
2018-08-07,3.0,248.95544739210195
2018-08-07,4.0,243.99491236744865
2018-08-07,5.0,239.03437734279538
2018-08-08,1.0,258.8765174414085
2018-08-08,2.0,253.9159824167552
2018-08-08,3.0,248.95544739210195
2018-08-08,4.0,243.99491236744865
2018-08-08,5.0,239.03437734279538
2018-08-09,1.0,258.8765174414085
2018-08-09,2.0,253.9159824167552
2018-08-09,3.0,248.95544739210195
2018-08-09,4.0,243.99491236744865
2018-08-09,5.0,239.03437734279538
2018-08-10,1.0,258.8765174414085
2018-08-10,2.0,253.9159824167552
2018-08-10,3.0,248.95544739210195
2018-08-10,4.0,243.99491236744865
2018-08-10,5.0,239.03437734279538
2018-08-11,1.0,311.57456492643166
2018-08-11,2.0,306.6140299017784
2018-08-11,3.0,301.6534948771251
2018-08-11,4.0,296.6929598524718
2018-08-11,5.0,291.73242482781853
2018-08-12,1.0,311.57456492643166
2018-08-12,2.0,306.6140299017784
2018-08-12,3.0,301.6534948771251
2018-08-12,4.0,296.6929598524718
2018-08-12,5.0,291.73242482781853
2018-08-13,1.0,258.8765174414085
2018-08-13,2.0,253.9159824167552
2018-08-13,3.0,248.95544739210195
2018-08-13,4.0,243.99491236744865
2018-08-13,5.0,239.03437734279538
2018-08-14,1.0,258.8765174414085
2018-08-14,2.0,253.9159824167552
2018-08-14,3.0,248.95544739210195
2018-08-14,4.0,243.99491236744865
2018-08-14,5.0,239.03437734279538
2018-08-15,1.0,258.8765174414085
2018-08-15,2.0,253.9159824167552
2018-08-15,3.0,248.95544739210195
2018-08-15,4.0,243.99491236744865
2018-08-15,5.0,239.03437734279538
2018-08-16,1.0,258.8765174414085
2018-08-16,2.0,253.9159824167552
2018-08-16,3.0,248.95544739210195
2018-08-16,4.0,243.99491236744865
2018-08-16,5.0,239.03437734279538
2018-08-17,1.0,258.8765174414085
2018-08-17,2.0,253.9159824167552
2018-08-17,3.0,248.95544739210195
2018-08-17,4.0,243.99491236744865
2018-08-17,5.0,239.03437734279538
2018-08-18,1.0,311.57456492643166
2018-08-18,2.0,306.6140299017784
2018-08-18,3.0,301.6534948771251
2018-08-18,4.0,296.6929598524718
2018-08-18,5.0,291.73242482781853
2018-08-19,1.0,311.57456492643166
2018-08-19,2.0,306.6140299017784
2018-08-19,3.0,301.6534948771251
2018-08-19,4.0,296.6929598524718
2018-08-19,5.0,291.73242482781853
2018-08-20,1.0,258.8765174414085
2018-08-20,2.0,253.9159824167552
2018-08-20,3.0,248.95544739210195
2018-08-20,4.0,243.99491236744865
2018-08-20,5.0,239.03437734279538
2018-08-21,1.0,258.8765174414085
2018-08-21,2.0,253.9159824167552
2018-08-21,3.0,248.95544739210195
2018-08-21,4.0,243.99491236744865
2018-08-21,5.0,239.03437734279538
2018-08-22,1.0,258.8765174414085
2018-08-22,2.0,253.9159824167552
2018-08-22,3.0,248.95544739210195
2018-08-22,4.0,243.99491236744865
2018-08-22,5.0,239.03437734279538
2018-08-23,1.0,258.8765174414085
2018-08-23,2.0,253.9159824167552
2018-08-23,3.0,248.95544739210195
2018-08-23,4.0,243.99491236744865
2018-08-23,5.0,239.03437734279538
2018-08-24,1.0,258.8765174414085
2018-08-24,2.0,253.9159824167552
2018-08-24,3.0,248.95544739210195
2018-08-24,4.0,243.99491236744865
2018-08-24,5.0,239.03437734279538
2018-08-25,1.0,311.57456492643166
2018-08-25,2.0,306.6140299017784
2018-08-25,3.0,301.6534948771251
2018-08-25,4.0,296.6929598524718
2018-08-25,5.0,291.73242482781853
2018-08-26,1.0,311.57456492643166
2018-08-26,2.0,306.6140299017784
2018-08-26,3.0,301.6534948771251
2018-08-26,4.0,296.6929598524718
2018-08-26,5.0,291.73242482781853
2018-08-27,1.0,258.8765174414085
2018-08-27,2.0,253.9159824167552
2018-08-27,3.0,248.95544739210195
2018-08-27,4.0,243.99491236744865
2018-08-27,5.0,239.03437734279538
2018-08-28,1.0,258.8765174414085
2018-08-28,2.0,253.9159824167552
2018-08-28,3.0,248.95544739210195
2018-08-28,4.0,243.99491236744865
2018-08-28,5.0,239.03437734279538
2018-08-29,1.0,258.8765174414085
2018-08-29,2.0,253.9159824167552
2018-08-29,3.0,248.95544739210195
2018-08-29,4.0,243.99491236744865
2018-08-29,5.0,239.03437734279538
2018-08-30,1.0,258.8765174414085
2018-08-30,2.0,253.9159824167552
2018-08-30,3.0,248.95544739210195
2018-08-30,4.0,243.99491236744865
2018-08-30,5.0,239.03437734279538
2018-08-31,1.0,258.8765174414085
2018-08-31,2.0,253.9159824167552
2018-08-31,3.0,248.95544739210195
2018-08-31,4.0,243.99491236744865
2018-08-31,5.0,239.03437734279538
2018-09-01,1.0,241.08801270388892
2018-09-01,2.0,236.12747767923562
2018-09-01,3.0,231.16694265458236
2018-09-01,4.0,226.20640762992906
2018-09-01,5.0,221.2458726052758
2018-09-02,1.0,241.08801270388892
2018-09-02,2.0,236.12747767923562
2018-09-02,3.0,231.16694265458236
2018-09-02,4.0,226.20640762992906
2018-09-02,5.0,221.2458726052758
2018-09-03,1.0,188.38996521886574
2018-09-03,2.0,183.42943019421247
2018-09-03,3.0,178.4688951695592
2018-09-03,4.0,173.5083601449059
2018-09-03,5.0,168.54782512025264
2018-09-04,1.0,188.38996521886574
2018-09-04,2.0,183.42943019421247
2018-09-04,3.0,178.4688951695592
2018-09-04,4.0,173.5083601449059
2018-09-04,5.0,168.54782512025264
2018-09-05,1.0,188.38996521886574
2018-09-05,2.0,183.42943019421247
2018-09-05,3.0,178.4688951695592
2018-09-05,4.0,173.5083601449059
2018-09-05,5.0,168.54782512025264
2018-09-06,1.0,188.38996521886574
2018-09-06,2.0,183.42943019421247
2018-09-06,3.0,178.4688951695592
2018-09-06,4.0,173.5083601449059
2018-09-06,5.0,168.54782512025264
2018-09-07,1.0,188.38996521886574
2018-09-07,2.0,183.42943019421247
2018-09-07,3.0,178.4688951695592
2018-09-07,4.0,173.5083601449059
2018-09-07,5.0,168.54782512025264
2018-09-08,1.0,241.08801270388892
2018-09-08,2.0,236.12747767923562
2018-09-08,3.0,231.16694265458236
2018-09-08,4.0,226.20640762992906
2018-09-08,5.0,221.2458726052758
2018-09-09,1.0,241.08801270388892
2018-09-09,2.0,236.12747767923562
2018-09-09,3.0,231.16694265458236
2018-09-09,4.0,226.20640762992906
2018-09-09,5.0,221.2458726052758
2018-09-10,1.0,188.38996521886574
2018-09-10,2.0,183.42943019421247
2018-09-10,3.0,178.4688951695592
2018-09-10,4.0,173.5083601449059
2018-09-10,5.0,168.54782512025264
2018-09-11,1.0,188.38996521886574
2018-09-11,2.0,183.42943019421247
2018-09-11,3.0,178.4688951695592
2018-09-11,4.0,173.5083601449059
2018-09-11,5.0,168.54782512025264
2018-09-12,1.0,188.38996521886574
2018-09-12,2.0,183.42943019421247
2018-09-12,3.0,178.4688951695592
2018-09-12,4.0,173.5083601449059
2018-09-12,5.0,168.54782512025264
2018-09-13,1.0,188.38996521886574
2018-09-13,2.0,183.42943019421247
2018-09-13,3.0,178.4688951695592
2018-09-13,4.0,173.5083601449059
2018-09-13,5.0,168.54782512025264
2018-09-14,1.0,188.38996521886574
2018-09-14,2.0,183.42943019421247
2018-09-14,3.0,178.4688951695592
2018-09-14,4.0,173.5083601449059
2018-09-14,5.0,168.54782512025264
2018-09-15,1.0,241.08801270388892
2018-09-15,2.0,236.12747767923562
2018-09-15,3.0,231.16694265458236
2018-09-15,4.0,226.20640762992906
2018-09-15,5.0,221.2458726052758
2018-09-16,1.0,241.08801270388892
2018-09-16,2.0,236.12747767923562
2018-09-16,3.0,231.16694265458236
2018-09-16,4.0,226.20640762992906
2018-09-16,5.0,221.2458726052758
2018-09-17,1.0,188.38996521886574
2018-09-17,2.0,183.42943019421247
2018-09-17,3.0,178.4688951695592
2018-09-17,4.0,173.5083601449059
2018-09-17,5.0,168.54782512025264
2018-09-18,1.0,188.38996521886574
2018-09-18,2.0,183.42943019421247
2018-09-18,3.0,178.4688951695592
2018-09-18,4.0,173.5083601449059
2018-09-18,5.0,168.54782512025264
2018-09-19,1.0,188.38996521886574
2018-09-19,2.0,183.42943019421247
2018-09-19,3.0,178.4688951695592
2018-09-19,4.0,173.5083601449059
2018-09-19,5.0,168.54782512025264
2018-09-20,1.0,188.38996521886574
2018-09-20,2.0,183.42943019421247
2018-09-20,3.0,178.4688951695592
2018-09-20,4.0,173.5083601449059
2018-09-20,5.0,168.54782512025264
2018-09-21,1.0,188.38996521886574
2018-09-21,2.0,183.42943019421247
2018-09-21,3.0,178.4688951695592
2018-09-21,4.0,173.5083601449059
2018-09-21,5.0,168.54782512025264
2018-09-22,1.0,241.08801270388892
2018-09-22,2.0,236.12747767923562
2018-09-22,3.0,231.16694265458236
2018-09-22,4.0,226.20640762992906
2018-09-22,5.0,221.2458726052758
2018-09-23,1.0,241.08801270388892
2018-09-23,2.0,236.12747767923562
2018-09-23,3.0,231.16694265458236
2018-09-23,4.0,226.20640762992906
2018-09-23,5.0,221.2458726052758
2018-09-24,1.0,188.38996521886574
2018-09-24,2.0,183.42943019421247
2018-09-24,3.0,178.4688951695592
2018-09-24,4.0,173.5083601449059
2018-09-24,5.0,168.54782512025264
2018-09-25,1.0,188.38996521886574
2018-09-25,2.0,183.42943019421247
2018-09-25,3.0,178.4688951695592
2018-09-25,4.0,173.5083601449059
2018-09-25,5.0,168.54782512025264
2018-09-26,1.0,188.38996521886574
2018-09-26,2.0,183.42943019421247
2018-09-26,3.0,178.4688951695592
2018-09-26,4.0,173.5083601449059
2018-09-26,5.0,168.54782512025264
2018-09-27,1.0,188.38996521886574
2018-09-27,2.0,183.42943019421247
2018-09-27,3.0,178.4688951695592
2018-09-27,4.0,173.5083601449059
2018-09-27,5.0,168.54782512025264
2018-09-28,1.0,188.38996521886574
2018-09-28,2.0,183.42943019421247
2018-09-28,3.0,178.4688951695592
2018-09-28,4.0,173.5083601449059
2018-09-28,5.0,168.54782512025264
2018-09-29,1.0,241.08801270388892
2018-09-29,2.0,236.12747767923562
2018-09-29,3.0,231.16694265458236
2018-09-29,4.0,226.20640762992906
2018-09-29,5.0,221.2458726052758
2018-09-30,1.0,241.08801270388892
2018-09-30,2.0,236.12747767923562
2018-09-30,3.0,231.16694265458236
2018-09-30,4.0,226.20640762992906
2018-09-30,5.0,221.2458726052758
2018-10-01,1.0,188.52316786267224
2018-10-01,2.0,183.56263283801894
2018-10-01,3.0,178.60209781336567
2018-10-01,4.0,173.6415627887124
2018-10-01,5.0,168.68102776405914
2018-10-02,1.0,215.99989189924997
2018-10-02,2.0,211.0393568745967
2018-10-02,3.0,206.07882184994344
2018-10-02,4.0,201.11828682529014
2018-10-02,5.0,196.15775180063687
2018-10-03,1.0,269.47967847860946
2018-10-03,2.0,264.5191434539562
2018-10-03,3.0,259.5586084293029
2018-10-03,4.0,254.59807340464965
2018-10-03,5.0,249.63753837999639
2018-10-04,1.0,188.52316786267224
2018-10-04,2.0,183.56263283801894
2018-10-04,3.0,178.60209781336567
2018-10-04,4.0,173.6415627887124
2018-10-04,5.0,168.68102776405914
2018-10-05,1.0,188.52316786267224
2018-10-05,2.0,183.56263283801894
2018-10-05,3.0,178.60209781336567
2018-10-05,4.0,173.6415627887124
2018-10-05,5.0,168.68102776405914
2018-10-06,1.0,241.2212153476954
2018-10-06,2.0,236.26068032304212
2018-10-06,3.0,231.30014529838883
2018-10-06,4.0,226.33961027373556
2018-10-06,5.0,221.3790752490823
2018-10-07,1.0,241.2212153476954
2018-10-07,2.0,236.26068032304212
2018-10-07,3.0,231.30014529838883
2018-10-07,4.0,226.33961027373556
2018-10-07,5.0,221.3790752490823
2018-10-08,1.0,188.52316786267224
2018-10-08,2.0,183.56263283801894
2018-10-08,3.0,178.60209781336567
2018-10-08,4.0,173.6415627887124
2018-10-08,5.0,168.68102776405914
2018-10-09,1.0,188.52316786267224
2018-10-09,2.0,183.56263283801894
2018-10-09,3.0,178.60209781336567
2018-10-09,4.0,173.6415627887124
2018-10-09,5.0,168.68102776405914
2018-10-10,1.0,188.52316786267224
2018-10-10,2.0,183.56263283801894
2018-10-10,3.0,178.60209781336567
2018-10-10,4.0,173.6415627887124
2018-10-10,5.0,168.68102776405914
2018-10-11,1.0,188.52316786267224
2018-10-11,2.0,183.56263283801894
2018-10-11,3.0,178.60209781336567
2018-10-11,4.0,173.6415627887124
2018-10-11,5.0,168.68102776405914
2018-10-12,1.0,188.52316786267224
2018-10-12,2.0,183.56263283801894
2018-10-12,3.0,178.60209781336567
2018-10-12,4.0,173.6415627887124
2018-10-12,5.0,168.68102776405914
2018-10-13,1.0,241.2212153476954
2018-10-13,2.0,236.26068032304212
2018-10-13,3.0,231.30014529838883
2018-10-13,4.0,226.33961027373556
2018-10-13,5.0,221.3790752490823
2018-10-14,1.0,241.2212153476954
2018-10-14,2.0,236.26068032304212
2018-10-14,3.0,231.30014529838883
2018-10-14,4.0,226.33961027373556
2018-10-14,5.0,221.3790752490823
2018-10-15,1.0,188.52316786267224
2018-10-15,2.0,183.56263283801894
2018-10-15,3.0,178.60209781336567
2018-10-15,4.0,173.6415627887124
2018-10-15,5.0,168.68102776405914
2018-10-16,1.0,188.52316786267224
2018-10-16,2.0,183.56263283801894
2018-10-16,3.0,178.60209781336567
2018-10-16,4.0,173.6415627887124
2018-10-16,5.0,168.68102776405914
2018-10-17,1.0,188.52316786267224
2018-10-17,2.0,183.56263283801894
2018-10-17,3.0,178.60209781336567
2018-10-17,4.0,173.6415627887124
2018-10-17,5.0,168.68102776405914
2018-10-18,1.0,188.52316786267224
2018-10-18,2.0,183.56263283801894
2018-10-18,3.0,178.60209781336567
2018-10-18,4.0,173.6415627887124
2018-10-18,5.0,168.68102776405914
2018-10-19,1.0,188.52316786267224
2018-10-19,2.0,183.56263283801894
2018-10-19,3.0,178.60209781336567
2018-10-19,4.0,173.6415627887124
2018-10-19,5.0,168.68102776405914
2018-10-20,1.0,241.2212153476954
2018-10-20,2.0,236.26068032304212
2018-10-20,3.0,231.30014529838883
2018-10-20,4.0,226.33961027373556
2018-10-20,5.0,221.3790752490823
2018-10-21,1.0,241.2212153476954
2018-10-21,2.0,236.26068032304212
2018-10-21,3.0,231.30014529838883
2018-10-21,4.0,226.33961027373556
2018-10-21,5.0,221.3790752490823
2018-10-22,1.0,188.52316786267224
2018-10-22,2.0,183.56263283801894
2018-10-22,3.0,178.60209781336567
2018-10-22,4.0,173.6415627887124
2018-10-22,5.0,168.68102776405914
2018-10-23,1.0,188.52316786267224
2018-10-23,2.0,183.56263283801894
2018-10-23,3.0,178.60209781336567
2018-10-23,4.0,173.6415627887124
2018-10-23,5.0,168.68102776405914
2018-10-24,1.0,188.52316786267224
2018-10-24,2.0,183.56263283801894
2018-10-24,3.0,178.60209781336567
2018-10-24,4.0,173.6415627887124
2018-10-24,5.0,168.68102776405914
2018-10-25,1.0,188.52316786267224
2018-10-25,2.0,183.56263283801894
2018-10-25,3.0,178.60209781336567
2018-10-25,4.0,173.6415627887124
2018-10-25,5.0,168.68102776405914
2018-10-26,1.0,188.52316786267224
2018-10-26,2.0,183.56263283801894
2018-10-26,3.0,178.60209781336567
2018-10-26,4.0,173.6415627887124
2018-10-26,5.0,168.68102776405914
2018-10-27,1.0,241.2212153476954
2018-10-27,2.0,236.26068032304212
2018-10-27,3.0,231.30014529838883
2018-10-27,4.0,226.33961027373556
2018-10-27,5.0,221.3790752490823
2018-10-28,1.0,241.2212153476954
2018-10-28,2.0,236.26068032304212
2018-10-28,3.0,231.30014529838883
2018-10-28,4.0,226.33961027373556
2018-10-28,5.0,221.3790752490823
2018-10-29,1.0,188.52316786267224
2018-10-29,2.0,183.56263283801894
2018-10-29,3.0,178.60209781336567
2018-10-29,4.0,173.6415627887124
2018-10-29,5.0,168.68102776405914
2018-10-30,1.0,188.52316786267224
2018-10-30,2.0,183.56263283801894
2018-10-30,3.0,178.60209781336567
2018-10-30,4.0,173.6415627887124
2018-10-30,5.0,168.68102776405914
2018-11-01,1.0,188.6563705064787
2018-11-01,2.0,183.69583548182544
2018-11-01,3.0,178.73530045717217
2018-11-01,4.0,173.7747654325189
2018-11-01,5.0,168.8142304078656
2018-11-01,6.0,163.85369538321234
2018-11-02,1.0,188.6563705064787
2018-11-02,2.0,183.69583548182544
2018-11-02,3.0,178.73530045717217
2018-11-02,4.0,173.7747654325189
2018-11-02,5.0,168.8142304078656
2018-11-02,6.0,163.85369538321234
2018-11-03,1.0,241.3544179915019
2018-11-03,2.0,236.3938829668486
2018-11-03,3.0,231.43334794219533
2018-11-03,4.0,226.47281291754206
2018-11-03,5.0,221.5122778928888
2018-11-03,6.0,216.5517428682355
2018-11-04,1.0,241.3544179915019
2018-11-04,2.0,236.3938829668486
2018-11-04,3.0,231.43334794219533
2018-11-04,4.0,226.47281291754206
2018-11-04,5.0,221.5122778928888
2018-11-04,6.0,216.5517428682355
2018-11-05,1.0,188.6563705064787
2018-11-05,2.0,183.69583548182544
2018-11-05,3.0,178.73530045717217
2018-11-05,4.0,173.7747654325189
2018-11-05,5.0,168.8142304078656
2018-11-05,6.0,163.85369538321234
2018-11-06,1.0,188.6563705064787
2018-11-06,2.0,183.69583548182544
2018-11-06,3.0,178.73530045717217
2018-11-06,4.0,173.7747654325189
2018-11-06,5.0,168.8142304078656
2018-11-06,6.0,163.85369538321234
2018-11-07,1.0,188.6563705064787
2018-11-07,2.0,183.69583548182544
2018-11-07,3.0,178.73530045717217
2018-11-07,4.0,173.7747654325189
2018-11-07,5.0,168.8142304078656
2018-11-07,6.0,163.85369538321234
2018-11-08,1.0,188.6563705064787
2018-11-08,2.0,183.69583548182544
2018-11-08,3.0,178.73530045717217
2018-11-08,4.0,173.7747654325189
2018-11-08,5.0,168.8142304078656
2018-11-08,6.0,163.85369538321234
2018-11-09,1.0,188.6563705064787
2018-11-09,2.0,183.69583548182544
2018-11-09,3.0,178.73530045717217
2018-11-09,4.0,173.7747654325189
2018-11-09,5.0,168.8142304078656
2018-11-09,6.0,163.85369538321234
2018-11-10,1.0,241.3544179915019
2018-11-10,2.0,236.3938829668486
2018-11-10,3.0,231.43334794219533
2018-11-10,4.0,226.47281291754206
2018-11-10,5.0,221.5122778928888
2018-11-10,6.0,216.5517428682355
2018-11-11,1.0,241.3544179915019
2018-11-11,2.0,236.3938829668486
2018-11-11,3.0,231.43334794219533
2018-11-11,4.0,226.47281291754206
2018-11-11,5.0,221.5122778928888
2018-11-11,6.0,216.5517428682355
2018-11-12,1.0,188.6563705064787
2018-11-12,2.0,183.69583548182544
2018-11-12,3.0,178.73530045717217
2018-11-12,4.0,173.7747654325189
2018-11-12,5.0,168.8142304078656
2018-11-12,6.0,163.85369538321234
2018-11-13,1.0,188.6563705064787
2018-11-13,2.0,183.69583548182544
2018-11-13,3.0,178.73530045717217
2018-11-13,4.0,173.7747654325189
2018-11-13,5.0,168.8142304078656
2018-11-13,6.0,163.85369538321234
2018-11-14,1.0,188.6563705064787
2018-11-14,2.0,183.69583548182544
2018-11-14,3.0,178.73530045717217
2018-11-14,4.0,173.7747654325189
2018-11-14,5.0,168.8142304078656
2018-11-14,6.0,163.85369538321234
2018-11-15,1.0,188.6563705064787
2018-11-15,2.0,183.69583548182544
2018-11-15,3.0,178.73530045717217
2018-11-15,4.0,173.7747654325189
2018-11-15,5.0,168.8142304078656
2018-11-15,6.0,163.85369538321234
2018-11-16,1.0,188.6563705064787
2018-11-16,2.0,183.69583548182544
2018-11-16,3.0,178.73530045717217
2018-11-16,4.0,173.7747654325189
2018-11-16,5.0,168.8142304078656
2018-11-16,6.0,163.85369538321234
2018-11-17,1.0,241.3544179915019
2018-11-17,2.0,236.3938829668486
2018-11-17,3.0,231.43334794219533
2018-11-17,4.0,226.47281291754206
2018-11-17,5.0,221.5122778928888
2018-11-17,6.0,216.5517428682355
2018-11-18,1.0,241.3544179915019
2018-11-18,2.0,236.3938829668486
2018-11-18,3.0,231.43334794219533
2018-11-18,4.0,226.47281291754206
2018-11-18,5.0,221.5122778928888
2018-11-18,6.0,216.5517428682355
2018-11-19,1.0,188.6563705064787
2018-11-19,2.0,183.69583548182544
2018-11-19,3.0,178.73530045717217
2018-11-19,4.0,173.7747654325189
2018-11-19,5.0,168.8142304078656
2018-11-19,6.0,163.85369538321234
2018-11-20,1.0,188.6563705064787
2018-11-20,2.0,183.69583548182544
2018-11-20,3.0,178.73530045717217
2018-11-20,4.0,173.7747654325189
2018-11-20,5.0,168.8142304078656
2018-11-20,6.0,163.85369538321234
2018-11-21,1.0,188.6563705064787
2018-11-21,2.0,183.69583548182544
2018-11-21,3.0,178.73530045717217
2018-11-21,4.0,173.7747654325189
2018-11-21,5.0,168.8142304078656
2018-11-21,6.0,163.85369538321234
2018-11-22,1.0,188.6563705064787
2018-11-22,2.0,183.69583548182544
2018-11-22,3.0,178.73530045717217
2018-11-22,4.0,173.7747654325189
2018-11-22,5.0,168.8142304078656
2018-11-22,6.0,163.85369538321234
2018-11-23,1.0,188.6563705064787
2018-11-23,2.0,183.69583548182544
2018-11-23,3.0,178.73530045717217
2018-11-23,4.0,173.7747654325189
2018-11-23,5.0,168.8142304078656
2018-11-23,6.0,163.85369538321234
2018-11-24,1.0,241.3544179915019
2018-11-24,2.0,236.3938829668486
2018-11-24,3.0,231.43334794219533
2018-11-24,4.0,226.47281291754206
2018-11-24,5.0,221.5122778928888
2018-11-24,6.0,216.5517428682355
2018-11-25,1.0,241.3544179915019
2018-11-25,2.0,236.3938829668486
2018-11-25,3.0,231.43334794219533
2018-11-25,4.0,226.47281291754206
2018-11-25,5.0,221.5122778928888
2018-11-25,6.0,216.5517428682355
2018-11-26,1.0,188.6563705064787
2018-11-26,2.0,183.69583548182544
2018-11-26,3.0,178.73530045717217
2018-11-26,4.0,173.7747654325189
2018-11-26,5.0,168.8142304078656
2018-11-26,6.0,163.85369538321234
2018-11-27,1.0,188.6563705064787
2018-11-27,2.0,183.69583548182544
2018-11-27,3.0,178.73530045717217
2018-11-27,4.0,173.7747654325189
2018-11-27,5.0,168.8142304078656
2018-11-27,6.0,163.85369538321234
2018-11-28,1.0,188.6563705064787
2018-11-28,2.0,183.69583548182544
2018-11-28,3.0,178.73530045717217
2018-11-28,4.0,173.7747654325189
2018-11-28,5.0,168.8142304078656
2018-11-28,6.0,163.85369538321234
2018-11-29,1.0,188.6563705064787
2018-11-29,2.0,183.69583548182544
2018-11-29,3.0,178.73530045717217
2018-11-29,4.0,173.7747654325189
2018-11-29,5.0,168.8142304078656
2018-11-29,6.0,163.85369538321234
2018-11-30,1.0,188.6563705064787
2018-11-30,2.0,183.69583548182544
2018-11-30,3.0,178.73530045717217
2018-11-30,4.0,173.7747654325189
2018-11-30,5.0,168.8142304078656
2018-11-30,6.0,163.85369538321234
2018-12-01,1.0,226.70633791120622
2018-12-01,2.0,221.74580288655292
2018-12-01,3.0,216.78526786189965
2018-12-01,4.0,211.82473283724636
2018-12-01,5.0,206.8641978125931
2018-12-01,6.0,201.90366278793982
2018-12-02,1.0,226.70633791120622
2018-12-02,2.0,221.74580288655292
2018-12-02,3.0,216.78526786189965
2018-12-02,4.0,211.82473283724636
2018-12-02,5.0,206.8641978125931
2018-12-02,6.0,201.90366278793982
2018-12-03,1.0,174.00829042618304
2018-12-03,2.0,169.04775540152977
2018-12-03,3.0,164.0872203768765
2018-12-03,4.0,159.1266853522232
2018-12-03,5.0,154.16615032756994
2018-12-03,6.0,149.20561530291667
2018-12-04,1.0,174.00829042618304
2018-12-04,2.0,169.04775540152977
2018-12-04,3.0,164.0872203768765
2018-12-04,4.0,159.1266853522232
2018-12-04,5.0,154.16615032756994
2018-12-04,6.0,149.20561530291667
2018-12-05,1.0,174.00829042618304
2018-12-05,2.0,169.04775540152977
2018-12-05,3.0,164.0872203768765
2018-12-05,4.0,159.1266853522232
2018-12-05,5.0,154.16615032756994
2018-12-05,6.0,149.20561530291667
2018-12-06,1.0,174.00829042618304
2018-12-06,2.0,169.04775540152977
2018-12-06,3.0,164.0872203768765
2018-12-06,4.0,159.1266853522232
2018-12-06,5.0,154.16615032756994
2018-12-06,6.0,149.20561530291667
2018-12-07,1.0,174.00829042618304
2018-12-07,2.0,169.04775540152977
2018-12-07,3.0,164.0872203768765
2018-12-07,4.0,159.1266853522232
2018-12-07,5.0,154.16615032756994
2018-12-07,6.0,149.20561530291667
2018-12-08,1.0,226.70633791120622
2018-12-08,2.0,221.74580288655292
2018-12-08,3.0,216.78526786189965
2018-12-08,4.0,211.82473283724636
2018-12-08,5.0,206.8641978125931
2018-12-08,6.0,201.90366278793982
2018-12-09,1.0,226.70633791120622
2018-12-09,2.0,221.74580288655292
2018-12-09,3.0,216.78526786189965
2018-12-09,4.0,211.82473283724636
2018-12-09,5.0,206.8641978125931
2018-12-09,6.0,201.90366278793982
2018-12-10,1.0,174.00829042618304
2018-12-10,2.0,169.04775540152977
2018-12-10,3.0,164.0872203768765
2018-12-10,4.0,159.1266853522232
2018-12-10,5.0,154.16615032756994
2018-12-10,6.0,149.20561530291667
2018-12-11,1.0,174.00829042618304
2018-12-11,2.0,169.04775540152977
2018-12-11,3.0,164.0872203768765
2018-12-11,4.0,159.1266853522232
2018-12-11,5.0,154.16615032756994
2018-12-11,6.0,149.20561530291667
2018-12-12,1.0,174.00829042618304
2018-12-12,2.0,169.04775540152977
2018-12-12,3.0,164.0872203768765
2018-12-12,4.0,159.1266853522232
2018-12-12,5.0,154.16615032756994
2018-12-12,6.0,149.20561530291667
2018-12-13,1.0,174.00829042618304
2018-12-13,2.0,169.04775540152977
2018-12-13,3.0,164.0872203768765
2018-12-13,4.0,159.1266853522232
2018-12-13,5.0,154.16615032756994
2018-12-13,6.0,149.20561530291667
2018-12-14,1.0,174.00829042618304
2018-12-14,2.0,169.04775540152977
2018-12-14,3.0,164.0872203768765
2018-12-14,4.0,159.1266853522232
2018-12-14,5.0,154.16615032756994
2018-12-14,6.0,149.20561530291667
2018-12-15,1.0,226.70633791120622
2018-12-15,2.0,221.74580288655292
2018-12-15,3.0,216.78526786189965
2018-12-15,4.0,211.82473283724636
2018-12-15,5.0,206.8641978125931
2018-12-15,6.0,201.90366278793982
2018-12-16,1.0,226.70633791120622
2018-12-16,2.0,221.74580288655292
2018-12-16,3.0,216.78526786189965
2018-12-16,4.0,211.82473283724636
2018-12-16,5.0,206.8641978125931
2018-12-16,6.0,201.90366278793982
2018-12-17,1.0,174.00829042618304
2018-12-17,2.0,169.04775540152977
2018-12-17,3.0,164.0872203768765
2018-12-17,4.0,159.1266853522232
2018-12-17,5.0,154.16615032756994
2018-12-17,6.0,149.20561530291667
2018-12-18,1.0,174.00829042618304
2018-12-18,2.0,169.04775540152977
2018-12-18,3.0,164.0872203768765
2018-12-18,4.0,159.1266853522232
2018-12-18,5.0,154.16615032756994
2018-12-18,6.0,149.20561530291667
2018-12-19,1.0,174.00829042618304
2018-12-19,2.0,169.04775540152977
2018-12-19,3.0,164.0872203768765
2018-12-19,4.0,159.1266853522232
2018-12-19,5.0,154.16615032756994
2018-12-19,6.0,149.20561530291667
2018-12-20,1.0,174.00829042618304
2018-12-20,2.0,169.04775540152977
2018-12-20,3.0,164.0872203768765
2018-12-20,4.0,159.1266853522232
2018-12-20,5.0,154.16615032756994
2018-12-20,6.0,149.20561530291667
2018-12-21,1.0,174.00829042618304
2018-12-21,2.0,169.04775540152977
2018-12-21,3.0,164.0872203768765
2018-12-21,4.0,159.1266853522232
2018-12-21,5.0,154.16615032756994
2018-12-21,6.0,149.20561530291667
2018-12-22,1.0,226.70633791120622
2018-12-22,2.0,221.74580288655292
2018-12-22,3.0,216.78526786189965
2018-12-22,4.0,211.82473283724636
2018-12-22,5.0,206.8641978125931
2018-12-22,6.0,201.90366278793982
2018-12-23,1.0,226.70633791120622
2018-12-23,2.0,221.74580288655292
2018-12-23,3.0,216.78526786189965
2018-12-23,4.0,211.82473283724636
2018-12-23,5.0,206.8641978125931
2018-12-23,6.0,201.90366278793982
2018-12-24,1.0,174.00829042618304
2018-12-24,2.0,169.04775540152977
2018-12-24,3.0,164.0872203768765
2018-12-24,4.0,159.1266853522232
2018-12-24,5.0,154.16615032756994
2018-12-24,6.0,149.20561530291667
2018-12-27,1.0,174.00829042618304
2018-12-27,2.0,169.04775540152977
2018-12-27,3.0,164.0872203768765
2018-12-27,4.0,159.1266853522232
2018-12-27,5.0,154.16615032756994
2018-12-27,6.0,149.20561530291667
2018-12-28,1.0,174.00829042618304
2018-12-28,2.0,169.04775540152977
2018-12-28,3.0,164.0872203768765
2018-12-28,4.0,159.1266853522232
2018-12-28,5.0,154.16615032756994
2018-12-28,6.0,149.20561530291667
2018-12-29,1.0,226.70633791120622
2018-12-29,2.0,221.74580288655292
2018-12-29,3.0,216.78526786189965
2018-12-29,4.0,211.82473283724636
2018-12-29,5.0,206.8641978125931
2018-12-30,1.0,226.70633791120622
2018-12-30,2.0,221.74580288655292
2018-12-30,3.0,216.78526786189965
2018-12-30,4.0,211.82473283724636
2018-12-30,5.0,206.8641978125931
2018-12-31,1.0,174.00829042618304
2018-12-31,2.0,169.04775540152977
2018-12-31,3.0,164.0872203768765
2018-12-31,5.0,154.16615032756994
2019-01-02,1.0,172.5430613443117
2019-01-02,2.0,167.5825263196584
2019-01-02,3.0,162.62199129500513
2019-01-02,4.0,157.66145627035186
2019-01-02,5.0,152.70092124569857
2019-01-03,1.0,172.5430613443117
2019-01-03,2.0,167.5825263196584
2019-01-03,3.0,162.62199129500513
2019-01-03,4.0,157.66145627035186
2019-01-03,5.0,152.70092124569857
2019-01-04,1.0,172.5430613443117
2019-01-04,2.0,167.5825263196584
2019-01-04,3.0,162.62199129500513
2019-01-04,4.0,157.66145627035186
2019-01-04,5.0,152.70092124569857
2019-01-05,1.0,225.24110882933485
2019-01-05,2.0,220.28057380468158
2019-01-05,3.0,215.32003878002828
2019-01-05,4.0,210.35950375537502
2019-01-05,5.0,205.39896873072175
2019-01-06,1.0,225.24110882933485
2019-01-06,2.0,220.28057380468158
2019-01-06,3.0,215.32003878002828
2019-01-06,4.0,210.35950375537502
2019-01-06,5.0,205.39896873072175
2019-01-07,1.0,172.5430613443117
2019-01-07,2.0,167.5825263196584
2019-01-07,3.0,162.62199129500513
2019-01-07,4.0,157.66145627035186
2019-01-07,5.0,152.70092124569857
2019-01-08,1.0,172.5430613443117
2019-01-08,2.0,167.5825263196584
2019-01-08,3.0,162.62199129500513
2019-01-08,4.0,157.66145627035186
2019-01-08,5.0,152.70092124569857
2019-01-09,1.0,172.5430613443117
2019-01-09,2.0,167.5825263196584
2019-01-09,3.0,162.62199129500513
2019-01-09,4.0,157.66145627035186
2019-01-09,5.0,152.70092124569857
2019-01-10,1.0,172.5430613443117
2019-01-10,2.0,167.5825263196584
2019-01-10,3.0,162.62199129500513
2019-01-10,4.0,157.66145627035186
2019-01-10,5.0,152.70092124569857
2019-01-11,1.0,172.5430613443117
2019-01-11,2.0,167.5825263196584
2019-01-11,3.0,162.62199129500513
2019-01-11,4.0,157.66145627035186
2019-01-11,5.0,152.70092124569857
2019-01-12,1.0,225.24110882933485
2019-01-12,2.0,220.28057380468158
2019-01-12,3.0,215.32003878002828
2019-01-12,4.0,210.35950375537502
2019-01-12,5.0,205.39896873072175
2019-01-13,1.0,225.24110882933485
2019-01-13,2.0,220.28057380468158
2019-01-13,3.0,215.32003878002828
2019-01-13,4.0,210.35950375537502
2019-01-13,5.0,205.39896873072175
2019-01-14,1.0,172.5430613443117
2019-01-14,2.0,167.5825263196584
2019-01-14,3.0,162.62199129500513
2019-01-14,4.0,157.66145627035186
2019-01-14,5.0,152.70092124569857
2019-01-15,1.0,172.5430613443117
2019-01-15,2.0,167.5825263196584
2019-01-15,3.0,162.62199129500513
2019-01-15,4.0,157.66145627035186
2019-01-15,5.0,152.70092124569857
2019-01-16,1.0,172.5430613443117
2019-01-16,2.0,167.5825263196584
2019-01-16,3.0,162.62199129500513
2019-01-16,4.0,157.66145627035186
2019-01-16,5.0,152.70092124569857
2019-01-17,1.0,172.5430613443117
2019-01-17,2.0,167.5825263196584
2019-01-17,3.0,162.62199129500513
2019-01-17,4.0,157.66145627035186
2019-01-17,5.0,152.70092124569857
2019-01-18,1.0,172.5430613443117
2019-01-18,2.0,167.5825263196584
2019-01-18,3.0,162.62199129500513
2019-01-18,4.0,157.66145627035186
2019-01-18,5.0,152.70092124569857
2019-01-19,1.0,225.24110882933485
2019-01-19,2.0,220.28057380468158
2019-01-19,3.0,215.32003878002828
2019-01-19,4.0,210.35950375537502
2019-01-19,5.0,205.39896873072175
2019-01-20,1.0,225.24110882933485
2019-01-20,2.0,220.28057380468158
2019-01-20,3.0,215.32003878002828
2019-01-20,4.0,210.35950375537502
2019-01-20,5.0,205.39896873072175
2019-01-21,1.0,172.5430613443117
2019-01-21,2.0,167.5825263196584
2019-01-21,3.0,162.62199129500513
2019-01-21,4.0,157.66145627035186
2019-01-21,5.0,152.70092124569857
2019-01-22,1.0,172.5430613443117
2019-01-22,2.0,167.5825263196584
2019-01-22,3.0,162.62199129500513
2019-01-22,4.0,157.66145627035186
2019-01-22,5.0,152.70092124569857
2019-01-23,1.0,172.5430613443117
2019-01-23,2.0,167.5825263196584
2019-01-23,3.0,162.62199129500513
2019-01-23,4.0,157.66145627035186
2019-01-23,5.0,152.70092124569857
2019-01-24,1.0,172.5430613443117
2019-01-24,2.0,167.5825263196584
2019-01-24,3.0,162.62199129500513
2019-01-24,4.0,157.66145627035186
2019-01-24,5.0,152.70092124569857
2019-01-25,1.0,172.5430613443117
2019-01-25,2.0,167.5825263196584
2019-01-25,3.0,162.62199129500513
2019-01-25,4.0,157.66145627035186
2019-01-25,5.0,152.70092124569857
2019-01-26,1.0,225.24110882933485
2019-01-26,2.0,220.28057380468158
2019-01-26,3.0,215.32003878002828
2019-01-26,4.0,210.35950375537502
2019-01-26,5.0,205.39896873072175
2019-01-27,1.0,225.24110882933485
2019-01-27,2.0,220.28057380468158
2019-01-27,3.0,215.32003878002828
2019-01-27,4.0,210.35950375537502
2019-01-27,5.0,205.39896873072175
2019-01-28,1.0,172.5430613443117
2019-01-28,2.0,167.5825263196584
2019-01-28,3.0,162.62199129500513
2019-01-28,4.0,157.66145627035186
2019-01-28,5.0,152.70092124569857
2019-01-29,1.0,172.5430613443117
2019-01-29,2.0,167.5825263196584
2019-01-29,3.0,162.62199129500513
2019-01-29,4.0,157.66145627035186
2019-01-29,5.0,152.70092124569857
2019-01-30,1.0,172.5430613443117
2019-01-30,2.0,167.5825263196584
2019-01-30,3.0,162.62199129500513
2019-01-30,4.0,157.66145627035186
2019-01-30,5.0,152.70092124569857
2019-01-31,1.0,172.5430613443117
2019-01-31,2.0,167.5825263196584
2019-01-31,3.0,162.62199129500513
2019-01-31,4.0,157.66145627035186
2019-01-31,5.0,152.70092124569857
2019-02-01,1.0,172.67626398811817
2019-02-01,2.0,167.7157289634649
2019-02-01,3.0,162.75519393881163
2019-02-01,4.0,157.79465891415833
2019-02-01,5.0,152.83412388950507
2019-02-02,1.0,225.37431147314135
2019-02-02,2.0,220.41377644848805
2019-02-02,3.0,215.45324142383478
2019-02-02,4.0,210.4927063991815
2019-02-02,5.0,205.53217137452822
2019-02-03,1.0,225.37431147314135
2019-02-03,2.0,220.41377644848805
2019-02-03,3.0,215.45324142383478
2019-02-03,4.0,210.4927063991815
2019-02-03,5.0,205.53217137452822
2019-02-04,1.0,172.67626398811817
2019-02-04,2.0,167.7157289634649
2019-02-04,3.0,162.75519393881163
2019-02-04,4.0,157.79465891415833
2019-02-04,5.0,152.83412388950507
2019-02-05,1.0,172.67626398811817
2019-02-05,2.0,167.7157289634649
2019-02-05,3.0,162.75519393881163
2019-02-05,4.0,157.79465891415833
2019-02-05,5.0,152.83412388950507
2019-02-06,1.0,172.67626398811817
2019-02-06,2.0,167.7157289634649
2019-02-06,3.0,162.75519393881163
2019-02-06,4.0,157.79465891415833
2019-02-06,5.0,152.83412388950507
2019-02-07,1.0,172.67626398811817
2019-02-07,2.0,167.7157289634649
2019-02-07,3.0,162.75519393881163
2019-02-07,4.0,157.79465891415833
2019-02-07,5.0,152.83412388950507
2019-02-08,1.0,172.67626398811817
2019-02-08,2.0,167.7157289634649
2019-02-08,3.0,162.75519393881163
2019-02-08,4.0,157.79465891415833
2019-02-08,5.0,152.83412388950507
2019-02-09,1.0,225.37431147314135
2019-02-09,2.0,220.41377644848805
2019-02-09,3.0,215.45324142383478
2019-02-09,4.0,210.4927063991815
2019-02-09,5.0,205.53217137452822
2019-02-10,1.0,225.37431147314135
2019-02-10,2.0,220.41377644848805
2019-02-10,3.0,215.45324142383478
2019-02-10,4.0,210.4927063991815
2019-02-10,5.0,205.53217137452822
2019-02-11,1.0,172.67626398811817
2019-02-11,2.0,167.7157289634649
2019-02-11,3.0,162.75519393881163
2019-02-11,4.0,157.79465891415833
2019-02-11,5.0,152.83412388950507
2019-02-12,1.0,172.67626398811817
2019-02-12,2.0,167.7157289634649
2019-02-12,3.0,162.75519393881163
2019-02-12,4.0,157.79465891415833
2019-02-12,5.0,152.83412388950507
2019-02-13,1.0,172.67626398811817
2019-02-13,2.0,167.7157289634649
2019-02-13,3.0,162.75519393881163
2019-02-13,4.0,157.79465891415833
2019-02-13,5.0,152.83412388950507
2019-02-14,1.0,172.67626398811817
2019-02-14,2.0,167.7157289634649
2019-02-14,3.0,162.75519393881163
2019-02-14,4.0,157.79465891415833
2019-02-14,5.0,152.83412388950507
2019-02-15,1.0,172.67626398811817
2019-02-15,2.0,167.7157289634649
2019-02-15,3.0,162.75519393881163
2019-02-15,4.0,157.79465891415833
2019-02-15,5.0,152.83412388950507
2019-02-16,1.0,225.37431147314135
2019-02-16,2.0,220.41377644848805
2019-02-16,3.0,215.45324142383478
2019-02-16,4.0,210.4927063991815
2019-02-16,5.0,205.53217137452822
2019-02-17,1.0,225.37431147314135
2019-02-17,2.0,220.41377644848805
2019-02-17,3.0,215.45324142383478
2019-02-17,4.0,210.4927063991815
2019-02-17,5.0,205.53217137452822
2019-02-18,1.0,172.67626398811817
2019-02-18,2.0,167.7157289634649
2019-02-18,3.0,162.75519393881163
2019-02-18,4.0,157.79465891415833
2019-02-18,5.0,152.83412388950507
2019-02-19,1.0,172.67626398811817
2019-02-19,2.0,167.7157289634649
2019-02-19,3.0,162.75519393881163
2019-02-19,4.0,157.79465891415833
2019-02-19,5.0,152.83412388950507
2019-02-20,1.0,172.67626398811817
2019-02-20,2.0,167.7157289634649
2019-02-20,3.0,162.75519393881163
2019-02-20,4.0,157.79465891415833
2019-02-20,5.0,152.83412388950507
2019-02-21,1.0,172.67626398811817
2019-02-21,2.0,167.7157289634649
2019-02-21,3.0,162.75519393881163
2019-02-21,4.0,157.79465891415833
2019-02-21,5.0,152.83412388950507
2019-02-22,1.0,172.67626398811817
2019-02-22,2.0,167.7157289634649
2019-02-22,3.0,162.75519393881163
2019-02-22,4.0,157.79465891415833
2019-02-22,5.0,152.83412388950507
2019-02-23,1.0,225.37431147314135
2019-02-23,2.0,220.41377644848805
2019-02-23,3.0,215.45324142383478
2019-02-23,4.0,210.4927063991815
2019-02-23,5.0,205.53217137452822
2019-02-24,1.0,225.37431147314135
2019-02-24,2.0,220.41377644848805
2019-02-24,3.0,215.45324142383478
2019-02-24,4.0,210.4927063991815
2019-02-24,5.0,205.53217137452822
2019-02-25,1.0,172.67626398811817
2019-02-25,2.0,167.7157289634649
2019-02-25,3.0,162.75519393881163
2019-02-25,4.0,157.79465891415833
2019-02-25,5.0,152.83412388950507
2019-02-26,1.0,172.67626398811817
2019-02-26,2.0,167.7157289634649
2019-02-26,3.0,162.75519393881163
2019-02-26,4.0,157.79465891415833
2019-02-26,5.0,152.83412388950507
2019-02-27,1.0,172.67626398811817
2019-02-27,2.0,167.7157289634649
2019-02-27,3.0,162.75519393881163
2019-02-27,4.0,157.79465891415833
2019-02-27,5.0,152.83412388950507
2019-02-28,1.0,172.67626398811817
2019-02-28,2.0,167.7157289634649
2019-02-28,3.0,162.75519393881163
2019-02-28,4.0,157.79465891415833
2019-02-28,5.0,152.83412388950507
2019-03-01,1.0,190.14171896193045
2019-03-01,2.0,185.18118393727718
2019-03-01,3.0,180.22064891262391
2019-03-01,4.0,175.26011388797065
2019-03-01,5.0,170.29957886331735
2019-03-02,1.0,242.8397664469536
2019-03-02,2.0,237.87923142230034
2019-03-02,3.0,232.91869639764707
2019-03-02,4.0,227.9581613729938
2019-03-02,5.0,222.9976263483405
2019-03-03,1.0,242.8397664469536
2019-03-03,2.0,237.87923142230034
2019-03-03,3.0,232.91869639764707
2019-03-03,4.0,227.9581613729938
2019-03-03,5.0,222.9976263483405
2019-03-04,1.0,190.14171896193045
2019-03-04,2.0,185.18118393727718
2019-03-04,3.0,180.22064891262391
2019-03-04,4.0,175.26011388797065
2019-03-04,5.0,170.29957886331735
2019-03-05,1.0,190.14171896193045
2019-03-05,2.0,185.18118393727718
2019-03-05,3.0,180.22064891262391
2019-03-05,4.0,175.26011388797065
2019-03-05,5.0,170.29957886331735
2019-03-06,1.0,190.14171896193045
2019-03-06,2.0,185.18118393727718
2019-03-06,3.0,180.22064891262391
2019-03-06,4.0,175.26011388797065
2019-03-06,5.0,170.29957886331735
2019-03-07,1.0,190.14171896193045
2019-03-07,2.0,185.18118393727718
2019-03-07,3.0,180.22064891262391
2019-03-07,4.0,175.26011388797065
2019-03-07,5.0,170.29957886331735
2019-03-08,1.0,190.14171896193045
2019-03-08,2.0,185.18118393727718
2019-03-08,3.0,180.22064891262391
2019-03-08,4.0,175.26011388797065
2019-03-08,5.0,170.29957886331735
2019-03-09,1.0,242.8397664469536
2019-03-09,2.0,237.87923142230034
2019-03-09,3.0,232.91869639764707
2019-03-09,4.0,227.9581613729938
2019-03-09,5.0,222.9976263483405
2019-03-10,1.0,242.8397664469536
2019-03-10,2.0,237.87923142230034
2019-03-10,3.0,232.91869639764707
2019-03-10,4.0,227.9581613729938
2019-03-10,5.0,222.9976263483405
2019-03-11,1.0,190.14171896193045
2019-03-11,2.0,185.18118393727718
2019-03-11,3.0,180.22064891262391
2019-03-11,4.0,175.26011388797065
2019-03-11,5.0,170.29957886331735
2019-03-12,1.0,190.14171896193045
2019-03-12,2.0,185.18118393727718
2019-03-12,3.0,180.22064891262391
2019-03-12,4.0,175.26011388797065
2019-03-12,5.0,170.29957886331735
2019-03-13,1.0,190.14171896193045
2019-03-13,2.0,185.18118393727718
2019-03-13,3.0,180.22064891262391
2019-03-13,4.0,175.26011388797065
2019-03-13,5.0,170.29957886331735
2019-03-14,1.0,190.14171896193045
2019-03-14,2.0,185.18118393727718
2019-03-14,3.0,180.22064891262391
2019-03-14,4.0,175.26011388797065
2019-03-14,5.0,170.29957886331735
2019-03-15,1.0,190.14171896193045
2019-03-15,2.0,185.18118393727718
2019-03-15,3.0,180.22064891262391
2019-03-15,4.0,175.26011388797065
2019-03-15,5.0,170.29957886331735
2019-03-16,1.0,242.8397664469536
2019-03-16,2.0,237.87923142230034
2019-03-16,3.0,232.91869639764707
2019-03-16,4.0,227.9581613729938
2019-03-16,5.0,222.9976263483405
2019-03-17,1.0,242.8397664469536
2019-03-17,2.0,237.87923142230034
2019-03-17,3.0,232.91869639764707
2019-03-17,4.0,227.9581613729938
2019-03-17,5.0,222.9976263483405
2019-03-18,1.0,190.14171896193045
2019-03-18,2.0,185.18118393727718
2019-03-18,3.0,180.22064891262391
2019-03-18,4.0,175.26011388797065
2019-03-18,5.0,170.29957886331735
2019-03-19,1.0,190.14171896193045
2019-03-19,2.0,185.18118393727718
2019-03-19,3.0,180.22064891262391
2019-03-19,4.0,175.26011388797065
2019-03-19,5.0,170.29957886331735
2019-03-21,1.0,190.14171896193045
2019-03-21,2.0,185.18118393727718
2019-03-21,3.0,180.22064891262391
2019-03-21,4.0,175.26011388797065
2019-03-21,5.0,170.29957886331735
2019-03-22,1.0,190.14171896193045
2019-03-22,2.0,185.18118393727718
2019-03-22,3.0,180.22064891262391
2019-03-22,4.0,175.26011388797065
2019-03-22,5.0,170.29957886331735
2019-03-23,1.0,242.8397664469536
2019-03-23,2.0,237.87923142230034
2019-03-23,3.0,232.91869639764707
2019-03-23,4.0,227.9581613729938
2019-03-23,5.0,222.9976263483405
2019-03-24,1.0,242.8397664469536
2019-03-24,2.0,237.87923142230034
2019-03-24,3.0,232.91869639764707
2019-03-24,4.0,227.9581613729938
2019-03-24,5.0,222.9976263483405
2019-03-25,1.0,190.14171896193045
2019-03-25,2.0,185.18118393727718
2019-03-25,3.0,180.22064891262391
2019-03-25,4.0,175.26011388797065
2019-03-25,5.0,170.29957886331735
2019-03-26,1.0,190.14171896193045
2019-03-26,2.0,185.18118393727718
2019-03-26,3.0,180.22064891262391
2019-03-26,4.0,175.26011388797065
2019-03-26,5.0,170.29957886331735
2019-03-27,1.0,190.14171896193045
2019-03-27,2.0,185.18118393727718
2019-03-27,3.0,180.22064891262391
2019-03-27,4.0,175.26011388797065
2019-03-27,5.0,170.29957886331735
2019-03-28,1.0,190.14171896193045
2019-03-28,2.0,185.18118393727718
2019-03-28,3.0,180.22064891262391
2019-03-28,4.0,175.26011388797065
2019-03-28,5.0,170.29957886331735
2019-03-29,1.0,190.14171896193045
2019-03-29,2.0,185.18118393727718
2019-03-29,3.0,180.22064891262391
2019-03-29,4.0,175.26011388797065
2019-03-29,5.0,170.29957886331735
2019-03-30,1.0,242.8397664469536
2019-03-30,2.0,237.87923142230034
2019-03-30,3.0,232.91869639764707
2019-03-30,4.0,227.9581613729938
2019-03-30,5.0,222.9976263483405
2019-03-31,1.0,242.8397664469536
2019-03-31,2.0,237.87923142230034
2019-03-31,3.0,232.91869639764707
2019-03-31,4.0,227.9581613729938
2019-03-31,5.0,222.9976263483405
2019-04-01,1.0,190.27492160573695
2019-04-01,2.0,185.31438658108368
2019-04-01,3.0,180.35385155643039
2019-04-01,4.0,175.39331653177712
2019-04-01,5.0,170.43278150712385
2019-04-02,1.0,190.27492160573695
2019-04-02,2.0,185.31438658108368
2019-04-02,3.0,180.35385155643039
2019-04-02,4.0,175.39331653177712
2019-04-02,5.0,170.43278150712385
2019-04-04,1.0,190.27492160573695
2019-04-04,2.0,185.31438658108368
2019-04-04,3.0,180.35385155643039
2019-04-04,4.0,175.39331653177712
2019-04-04,5.0,170.43278150712385
2019-04-05,1.0,190.27492160573695
2019-04-05,2.0,185.31438658108368
2019-04-05,3.0,180.35385155643039
2019-04-05,4.0,175.39331653177712
2019-04-05,5.0,170.43278150712385
2019-04-06,1.0,242.9729690907601
2019-04-06,2.0,238.01243406610683
2019-04-06,3.0,233.05189904145357
2019-04-06,4.0,228.09136401680027
2019-04-06,5.0,223.130828992147
2019-04-07,1.0,242.9729690907601
2019-04-07,2.0,238.01243406610683
2019-04-07,3.0,233.05189904145357
2019-04-07,4.0,228.09136401680027
2019-04-07,5.0,223.130828992147
2019-04-08,1.0,190.27492160573695
2019-04-08,2.0,185.31438658108368
2019-04-08,3.0,180.35385155643039
2019-04-08,4.0,175.39331653177712
2019-04-08,5.0,170.43278150712385
2019-04-09,1.0,190.27492160573695
2019-04-09,2.0,185.31438658108368
2019-04-09,3.0,180.35385155643039
2019-04-09,4.0,175.39331653177712
2019-04-09,5.0,170.43278150712385
2019-04-10,1.0,190.27492160573695
2019-04-10,2.0,185.31438658108368
2019-04-10,3.0,180.35385155643039
2019-04-10,4.0,175.39331653177712
2019-04-10,5.0,170.43278150712385
2019-04-11,1.0,190.27492160573695
2019-04-11,2.0,185.31438658108368
2019-04-11,3.0,180.35385155643039
2019-04-11,4.0,175.39331653177712
2019-04-11,5.0,170.43278150712385
2019-04-12,1.0,190.27492160573695
2019-04-12,2.0,185.31438658108368
2019-04-12,3.0,180.35385155643039
2019-04-12,4.0,175.39331653177712
2019-04-12,5.0,170.43278150712385
2019-04-13,1.0,242.9729690907601
2019-04-13,2.0,238.01243406610683
2019-04-13,3.0,233.05189904145357
2019-04-13,4.0,228.09136401680027
2019-04-13,5.0,223.130828992147
2019-04-14,1.0,242.9729690907601
2019-04-14,2.0,238.01243406610683
2019-04-14,3.0,233.05189904145357
2019-04-14,4.0,228.09136401680027
2019-04-14,5.0,223.130828992147
2019-04-15,1.0,190.27492160573695
2019-04-15,2.0,185.31438658108368
2019-04-15,3.0,180.35385155643039
2019-04-15,4.0,175.39331653177712
2019-04-15,5.0,170.43278150712385
2019-04-16,1.0,190.27492160573695
2019-04-16,2.0,185.31438658108368
2019-04-16,3.0,180.35385155643039
2019-04-16,4.0,175.39331653177712
2019-04-16,5.0,170.43278150712385
2019-04-17,1.0,190.27492160573695
2019-04-17,2.0,185.31438658108368
2019-04-17,3.0,180.35385155643039
2019-04-17,4.0,175.39331653177712
2019-04-17,5.0,170.43278150712385
2019-04-18,1.0,190.27492160573695
2019-04-18,2.0,185.31438658108368
2019-04-18,3.0,180.35385155643039
2019-04-18,4.0,175.39331653177712
2019-04-18,5.0,170.43278150712385
2019-04-20,1.0,242.9729690907601
2019-04-20,2.0,238.01243406610683
2019-04-20,3.0,233.05189904145357
2019-04-20,4.0,228.09136401680027
2019-04-20,5.0,223.130828992147
2019-04-21,1.0,270.44969312733787
2019-04-21,2.0,265.48915810268454
2019-04-21,3.0,260.5286230780313
2019-04-21,4.0,255.56808805337803
2019-04-21,5.0,250.60755302872474
2019-04-22,1.0,271.2314322216742
2019-04-22,2.0,266.27089719702093
2019-04-22,3.0,261.31036217236766
2019-04-22,4.0,256.34982714771434
2019-04-22,5.0,251.3892921230611
2019-04-23,1.0,190.27492160573695
2019-04-23,2.0,185.31438658108368
2019-04-23,3.0,180.35385155643039
2019-04-23,4.0,175.39331653177712
2019-04-23,5.0,170.43278150712385
2019-04-24,1.0,190.27492160573695
2019-04-24,2.0,185.31438658108368
2019-04-24,3.0,180.35385155643039
2019-04-24,4.0,175.39331653177712
2019-04-24,5.0,170.43278150712385
2019-04-25,1.0,190.27492160573695
2019-04-25,2.0,185.31438658108368
2019-04-25,3.0,180.35385155643039
2019-04-25,4.0,175.39331653177712
2019-04-25,5.0,170.43278150712385
2019-04-26,1.0,190.27492160573695
2019-04-26,2.0,185.31438658108368
2019-04-26,3.0,180.35385155643039
2019-04-26,4.0,175.39331653177712
2019-04-26,5.0,170.43278150712385
2019-04-27,1.0,242.9729690907601
2019-04-27,2.0,238.01243406610683
2019-04-27,3.0,233.05189904145357
2019-04-27,4.0,228.09136401680027
2019-04-27,5.0,223.130828992147
2019-04-28,1.0,242.9729690907601
2019-04-28,2.0,238.01243406610683
2019-04-28,3.0,233.05189904145357
2019-04-28,4.0,228.09136401680027
2019-04-28,5.0,223.130828992147
2019-04-29,1.0,190.27492160573695
2019-04-29,2.0,185.31438658108368
2019-04-29,3.0,180.35385155643039
2019-04-29,4.0,175.39331653177712
2019-04-29,5.0,170.43278150712385
2019-04-30,1.0,190.27492160573695
2019-04-30,2.0,185.31438658108368
2019-04-30,3.0,180.35385155643039
2019-04-30,4.0,175.39331653177712
2019-04-30,5.0,170.43278150712385
2019-05-02,1.0,190.40812424954345
2019-05-02,2.0,185.44758922489015
2019-05-02,3.0,180.48705420023688
2019-05-02,4.0,175.5265191755836
2019-05-02,5.0,170.56598415093032
2019-05-03,1.0,190.40812424954345
2019-05-03,2.0,185.44758922489015
2019-05-03,3.0,180.48705420023688
2019-05-03,4.0,175.5265191755836
2019-05-03,5.0,170.56598415093032
2019-05-04,1.0,243.1061717345666
2019-05-04,2.0,238.14563670991333
2019-05-04,3.0,233.18510168526004
2019-05-04,4.0,228.22456666060677
2019-05-04,5.0,223.26403163595347
2019-05-05,1.0,243.1061717345666
2019-05-05,2.0,238.14563670991333
2019-05-05,3.0,233.18510168526004
2019-05-05,4.0,228.22456666060677
2019-05-05,5.0,223.26403163595347
2019-05-06,1.0,190.40812424954345
2019-05-06,2.0,185.44758922489015
2019-05-06,3.0,180.48705420023688
2019-05-06,4.0,175.5265191755836
2019-05-06,5.0,170.56598415093032
2019-05-07,1.0,190.40812424954345
2019-05-07,2.0,185.44758922489015
2019-05-07,3.0,180.48705420023688
2019-05-07,4.0,175.5265191755836
2019-05-07,5.0,170.56598415093032
2019-05-08,1.0,190.40812424954345
2019-05-08,2.0,185.44758922489015
2019-05-08,3.0,180.48705420023688
2019-05-08,4.0,175.5265191755836
2019-05-08,5.0,170.56598415093032
2019-05-09,1.0,190.40812424954345
2019-05-09,2.0,185.44758922489015
2019-05-09,3.0,180.48705420023688
2019-05-09,4.0,175.5265191755836
2019-05-09,5.0,170.56598415093032
2019-05-10,1.0,190.40812424954345
2019-05-10,2.0,185.44758922489015
2019-05-10,3.0,180.48705420023688
2019-05-10,4.0,175.5265191755836
2019-05-10,5.0,170.56598415093032
2019-05-11,1.0,243.1061717345666
2019-05-11,2.0,238.14563670991333
2019-05-11,3.0,233.18510168526004
2019-05-11,4.0,228.22456666060677
2019-05-11,5.0,223.26403163595347
2019-05-12,1.0,243.1061717345666
2019-05-12,2.0,238.14563670991333
2019-05-12,3.0,233.18510168526004
2019-05-12,4.0,228.22456666060677
2019-05-12,5.0,223.26403163595347
2019-05-13,1.0,190.40812424954345
2019-05-13,2.0,185.44758922489015
2019-05-13,3.0,180.48705420023688
2019-05-13,4.0,175.5265191755836
2019-05-13,5.0,170.56598415093032
2019-05-14,1.0,190.40812424954345
2019-05-14,2.0,185.44758922489015
2019-05-14,3.0,180.48705420023688
2019-05-14,4.0,175.5265191755836
2019-05-14,5.0,170.56598415093032
2019-05-15,1.0,190.40812424954345
2019-05-15,2.0,185.44758922489015
2019-05-15,3.0,180.48705420023688
2019-05-15,4.0,175.5265191755836
2019-05-15,5.0,170.56598415093032
2019-05-16,1.0,190.40812424954345
2019-05-16,2.0,185.44758922489015
2019-05-16,3.0,180.48705420023688
2019-05-16,4.0,175.5265191755836
2019-05-16,5.0,170.56598415093032
2019-05-17,1.0,190.40812424954345
2019-05-17,2.0,185.44758922489015
2019-05-17,3.0,180.48705420023688
2019-05-17,4.0,175.5265191755836
2019-05-17,5.0,170.56598415093032
2019-05-18,1.0,243.1061717345666
2019-05-18,2.0,238.14563670991333
2019-05-18,3.0,233.18510168526004
2019-05-18,4.0,228.22456666060677
2019-05-18,5.0,223.26403163595347
2019-05-19,1.0,243.1061717345666
2019-05-19,2.0,238.14563670991333
2019-05-19,3.0,233.18510168526004
2019-05-19,4.0,228.22456666060677
2019-05-19,5.0,223.26403163595347
2019-05-20,1.0,190.40812424954345
2019-05-20,2.0,185.44758922489015
2019-05-20,3.0,180.48705420023688
2019-05-20,4.0,175.5265191755836
2019-05-20,5.0,170.56598415093032
2019-05-21,1.0,190.40812424954345
2019-05-21,2.0,185.44758922489015
2019-05-21,3.0,180.48705420023688
2019-05-21,4.0,175.5265191755836
2019-05-21,5.0,170.56598415093032
2019-05-22,1.0,190.40812424954345
2019-05-22,2.0,185.44758922489015
2019-05-22,3.0,180.48705420023688
2019-05-22,4.0,175.5265191755836
2019-05-22,5.0,170.56598415093032
2019-05-23,1.0,190.40812424954345
2019-05-23,2.0,185.44758922489015
2019-05-23,3.0,180.48705420023688
2019-05-23,4.0,175.5265191755836
2019-05-23,5.0,170.56598415093032
2019-05-24,1.0,190.40812424954345
2019-05-24,2.0,185.44758922489015
2019-05-24,3.0,180.48705420023688
2019-05-24,4.0,175.5265191755836
2019-05-24,5.0,170.56598415093032
2019-05-25,1.0,243.1061717345666
2019-05-25,2.0,238.14563670991333
2019-05-25,3.0,233.18510168526004
2019-05-25,4.0,228.22456666060677
2019-05-25,5.0,223.26403163595347
2019-05-26,1.0,243.1061717345666
2019-05-26,2.0,238.14563670991333
2019-05-26,3.0,233.18510168526004
2019-05-26,4.0,228.22456666060677
2019-05-26,5.0,223.26403163595347
2019-05-27,1.0,190.40812424954345
2019-05-27,2.0,185.44758922489015
2019-05-27,3.0,180.48705420023688
2019-05-27,4.0,175.5265191755836
2019-05-27,5.0,170.56598415093032
2019-05-28,1.0,190.40812424954345
2019-05-28,2.0,185.44758922489015
2019-05-28,3.0,180.48705420023688
2019-05-28,4.0,175.5265191755836
2019-05-28,5.0,170.56598415093032
2019-05-29,1.0,217.88484828612118
2019-05-29,2.0,212.92431326146792
2019-05-29,3.0,207.96377823681462
2019-05-29,4.0,203.00324321216135
2019-05-29,5.0,198.04270818750808
2019-05-30,1.0,271.3646348654807
2019-05-30,2.0,266.4040998408274
2019-05-30,3.0,261.4435648161741
2019-05-30,4.0,256.48302979152083
2019-05-30,5.0,251.52249476686757
2019-05-31,1.0,190.40812424954345
2019-05-31,2.0,185.44758922489015
2019-05-31,3.0,180.48705420023688
2019-05-31,4.0,175.5265191755836
2019-05-31,5.0,170.56598415093032
2019-06-01,1.0,311.30815963881867
2019-06-01,2.0,306.3476246141654
2019-06-01,3.0,301.38708958951213
2019-06-01,4.0,296.42655456485886
2019-06-01,5.0,291.4660195402056
2019-06-02,1.0,311.30815963881867
2019-06-02,2.0,306.3476246141654
2019-06-02,3.0,301.38708958951213
2019-06-02,4.0,296.42655456485886
2019-06-02,5.0,291.4660195402056
2019-06-03,1.0,258.6101121537955
2019-06-03,2.0,253.64957712914224
2019-06-03,3.0,248.68904210448898
2019-06-03,4.0,243.7285070798357
2019-06-03,5.0,238.7679720551824
2019-06-04,1.0,258.6101121537955
2019-06-04,2.0,253.64957712914224
2019-06-04,3.0,248.68904210448898
2019-06-04,4.0,243.7285070798357
2019-06-04,5.0,238.7679720551824
2019-06-05,1.0,258.6101121537955
2019-06-05,2.0,253.64957712914224
2019-06-05,3.0,248.68904210448898
2019-06-05,4.0,243.7285070798357
2019-06-05,5.0,238.7679720551824
2019-06-06,1.0,258.6101121537955
2019-06-06,2.0,253.64957712914224
2019-06-06,3.0,248.68904210448898
2019-06-06,4.0,243.7285070798357
2019-06-06,5.0,238.7679720551824
2019-06-07,1.0,258.6101121537955
2019-06-07,2.0,253.64957712914224
2019-06-07,3.0,248.68904210448898
2019-06-07,4.0,243.7285070798357
2019-06-07,5.0,238.7679720551824
2019-06-08,1.0,311.30815963881867
2019-06-08,2.0,306.3476246141654
2019-06-08,3.0,301.38708958951213
2019-06-08,4.0,296.42655456485886
2019-06-08,5.0,291.4660195402056
2019-06-09,1.0,338.78488367539643
2019-06-09,2.0,333.8243486507431
2019-06-09,3.0,328.86381362608984
2019-06-09,4.0,323.90327860143657
2019-06-09,5.0,318.9427435767833
2019-06-10,1.0,339.56662276973276
2019-06-10,2.0,334.6060877450795
2019-06-10,3.0,329.64555272042617
2019-06-10,4.0,324.6850176957729
2019-06-10,5.0,319.72448267111963
2019-06-11,1.0,258.6101121537955
2019-06-11,2.0,253.64957712914224
2019-06-11,3.0,248.68904210448898
2019-06-11,4.0,243.7285070798357
2019-06-11,5.0,238.7679720551824
2019-06-12,1.0,258.6101121537955
2019-06-12,2.0,253.64957712914224
2019-06-12,3.0,248.68904210448898
2019-06-12,4.0,243.7285070798357
2019-06-12,5.0,238.7679720551824
2019-06-13,1.0,258.6101121537955
2019-06-13,2.0,253.64957712914224
2019-06-13,3.0,248.68904210448898
2019-06-13,4.0,243.7285070798357
2019-06-13,5.0,238.7679720551824
2019-06-14,1.0,258.6101121537955
2019-06-14,2.0,253.64957712914224
2019-06-14,3.0,248.68904210448898
2019-06-14,4.0,243.7285070798357
2019-06-14,5.0,238.7679720551824
2019-06-15,1.0,311.30815963881867
2019-06-15,2.0,306.3476246141654
2019-06-15,3.0,301.38708958951213
2019-06-15,4.0,296.42655456485886
2019-06-15,5.0,291.4660195402056
2019-06-16,1.0,311.30815963881867
2019-06-16,2.0,306.3476246141654
2019-06-16,3.0,301.38708958951213
2019-06-16,4.0,296.42655456485886
2019-06-16,5.0,291.4660195402056
2019-06-17,1.0,258.6101121537955
2019-06-17,2.0,253.64957712914224
2019-06-17,3.0,248.68904210448898
2019-06-17,4.0,243.7285070798357
2019-06-17,5.0,238.7679720551824
2019-06-18,1.0,258.6101121537955
2019-06-18,2.0,253.64957712914224
2019-06-18,3.0,248.68904210448898
2019-06-18,4.0,243.7285070798357
2019-06-18,5.0,238.7679720551824
2019-06-19,1.0,258.6101121537955
2019-06-19,2.0,253.64957712914224
2019-06-19,3.0,248.68904210448898
2019-06-19,4.0,243.7285070798357
2019-06-19,5.0,238.7679720551824
2019-06-20,1.0,258.6101121537955
2019-06-20,2.0,253.64957712914224
2019-06-20,3.0,248.68904210448898
2019-06-20,4.0,243.7285070798357
2019-06-20,5.0,238.7679720551824
2019-06-21,1.0,258.6101121537955
2019-06-21,2.0,253.64957712914224
2019-06-21,3.0,248.68904210448898
2019-06-21,4.0,243.7285070798357
2019-06-21,5.0,238.7679720551824
2019-06-22,1.0,311.30815963881867
2019-06-22,2.0,306.3476246141654
2019-06-22,3.0,301.38708958951213
2019-06-22,4.0,296.42655456485886
2019-06-22,5.0,291.4660195402056
2019-06-23,1.0,311.30815963881867
2019-06-23,2.0,306.3476246141654
2019-06-23,3.0,301.38708958951213
2019-06-23,4.0,296.42655456485886
2019-06-23,5.0,291.4660195402056
2019-06-24,1.0,258.6101121537955
2019-06-24,2.0,253.64957712914224
2019-06-24,3.0,248.68904210448898
2019-06-24,4.0,243.7285070798357
2019-06-24,5.0,238.7679720551824
2019-06-25,1.0,258.6101121537955
2019-06-25,2.0,253.64957712914224
2019-06-25,3.0,248.68904210448898
2019-06-25,4.0,243.7285070798357
2019-06-25,5.0,238.7679720551824
2019-06-26,1.0,258.6101121537955
2019-06-26,2.0,253.64957712914224
2019-06-26,3.0,248.68904210448898
2019-06-26,4.0,243.7285070798357
2019-06-26,5.0,238.7679720551824
2019-06-27,1.0,258.6101121537955
2019-06-27,2.0,253.64957712914224
2019-06-27,3.0,248.68904210448898
2019-06-27,4.0,243.7285070798357
2019-06-27,5.0,238.7679720551824
2019-06-28,1.0,258.6101121537955
2019-06-28,2.0,253.64957712914224
2019-06-28,3.0,248.68904210448898
2019-06-28,4.0,243.7285070798357
2019-06-28,5.0,238.7679720551824
2019-06-29,1.0,311.30815963881867
2019-06-29,2.0,306.3476246141654
2019-06-29,3.0,301.38708958951213
2019-06-29,4.0,296.42655456485886
2019-06-29,5.0,291.4660195402056
2019-06-30,1.0,311.30815963881867
2019-06-30,2.0,306.3476246141654
2019-06-30,3.0,301.38708958951213
2019-06-30,4.0,296.42655456485886
2019-06-30,5.0,291.4660195402056
2019-07-01,1.0,258.743314797602
2019-07-01,2.0,253.78277977294874
2019-07-01,3.0,248.82224474829545
2019-07-01,4.0,243.86170972364218
2019-07-01,5.0,238.9011746989889
2019-07-02,1.0,258.743314797602
2019-07-02,2.0,253.78277977294874
2019-07-02,3.0,248.82224474829545
2019-07-02,4.0,243.86170972364218
2019-07-02,5.0,238.9011746989889
2019-07-03,1.0,258.743314797602
2019-07-03,2.0,253.78277977294874
2019-07-03,3.0,248.82224474829545
2019-07-03,4.0,243.86170972364218
2019-07-03,5.0,238.9011746989889
2019-07-04,1.0,258.743314797602
2019-07-04,2.0,253.78277977294874
2019-07-04,3.0,248.82224474829545
2019-07-04,4.0,243.86170972364218
2019-07-04,5.0,238.9011746989889
2019-07-05,1.0,258.743314797602
2019-07-05,2.0,253.78277977294874
2019-07-05,3.0,248.82224474829545
2019-07-05,4.0,243.86170972364218
2019-07-05,5.0,238.9011746989889
2019-07-06,1.0,311.44136228262516
2019-07-06,2.0,306.4808272579719
2019-07-06,3.0,301.5202922333186
2019-07-06,4.0,296.55975720866536
2019-07-06,5.0,291.5992221840121
2019-07-07,1.0,311.44136228262516
2019-07-07,2.0,306.4808272579719
2019-07-07,3.0,301.5202922333186
2019-07-07,4.0,296.55975720866536
2019-07-07,5.0,291.5992221840121
2019-07-08,1.0,258.743314797602
2019-07-08,2.0,253.78277977294874
2019-07-08,3.0,248.82224474829545
2019-07-08,4.0,243.86170972364218
2019-07-08,5.0,238.9011746989889
2019-07-09,1.0,258.743314797602
2019-07-09,2.0,253.78277977294874
2019-07-09,3.0,248.82224474829545
2019-07-09,4.0,243.86170972364218
2019-07-09,5.0,238.9011746989889
2019-07-11,1.0,258.743314797602
2019-07-11,2.0,253.78277977294874
2019-07-11,3.0,248.82224474829545
2019-07-11,4.0,243.86170972364218
2019-07-11,5.0,238.9011746989889
2019-07-12,1.0,258.743314797602
2019-07-12,2.0,253.78277977294874
2019-07-12,3.0,248.82224474829545
2019-07-12,4.0,243.86170972364218
2019-07-12,5.0,238.9011746989889
2019-07-13,1.0,311.44136228262516
2019-07-13,2.0,306.4808272579719
2019-07-13,3.0,301.5202922333186
2019-07-13,4.0,296.55975720866536
2019-07-13,5.0,291.5992221840121
2019-07-14,1.0,311.44136228262516
2019-07-14,2.0,306.4808272579719
2019-07-14,3.0,301.5202922333186
2019-07-14,4.0,296.55975720866536
2019-07-14,5.0,291.5992221840121
2019-07-15,1.0,258.743314797602
2019-07-15,2.0,253.78277977294874
2019-07-15,3.0,248.82224474829545
2019-07-15,4.0,243.86170972364218
2019-07-15,5.0,238.9011746989889
2019-07-16,1.0,258.743314797602
2019-07-16,2.0,253.78277977294874
2019-07-16,3.0,248.82224474829545
2019-07-16,4.0,243.86170972364218
2019-07-16,5.0,238.9011746989889
2019-07-17,1.0,258.743314797602
2019-07-17,2.0,253.78277977294874
2019-07-17,3.0,248.82224474829545
2019-07-17,4.0,243.86170972364218
2019-07-17,5.0,238.9011746989889
2019-07-18,1.0,258.743314797602
2019-07-18,2.0,253.78277977294874
2019-07-18,3.0,248.82224474829545
2019-07-18,4.0,243.86170972364218
2019-07-18,5.0,238.9011746989889
2019-07-19,1.0,258.743314797602
2019-07-19,2.0,253.78277977294874
2019-07-19,3.0,248.82224474829545
2019-07-19,4.0,243.86170972364218
2019-07-19,5.0,238.9011746989889
2019-07-20,1.0,311.44136228262516
2019-07-20,2.0,306.4808272579719
2019-07-20,3.0,301.5202922333186
2019-07-20,4.0,296.55975720866536
2019-07-20,5.0,291.5992221840121
2019-07-21,1.0,311.44136228262516
2019-07-21,2.0,306.4808272579719
2019-07-21,3.0,301.5202922333186
2019-07-21,4.0,296.55975720866536
2019-07-21,5.0,291.5992221840121
2019-07-22,1.0,258.743314797602
2019-07-22,2.0,253.78277977294874
2019-07-22,3.0,248.82224474829545
2019-07-22,4.0,243.86170972364218
2019-07-22,5.0,238.9011746989889
2019-07-23,1.0,258.743314797602
2019-07-23,2.0,253.78277977294874
2019-07-23,3.0,248.82224474829545
2019-07-23,4.0,243.86170972364218
2019-07-23,5.0,238.9011746989889
2019-07-24,1.0,258.743314797602
2019-07-24,2.0,253.78277977294874
2019-07-24,3.0,248.82224474829545
2019-07-24,4.0,243.86170972364218
2019-07-24,5.0,238.9011746989889
2019-07-25,1.0,258.743314797602
2019-07-25,2.0,253.78277977294874
2019-07-25,3.0,248.82224474829545
2019-07-25,4.0,243.86170972364218
2019-07-25,5.0,238.9011746989889
2019-07-26,1.0,258.743314797602
2019-07-26,2.0,253.78277977294874
2019-07-26,3.0,248.82224474829545
2019-07-26,4.0,243.86170972364218
2019-07-26,5.0,238.9011746989889
2019-07-27,1.0,311.44136228262516
2019-07-27,2.0,306.4808272579719
2019-07-27,3.0,301.5202922333186
2019-07-27,4.0,296.55975720866536
2019-07-27,5.0,291.5992221840121
2019-07-28,1.0,311.44136228262516
2019-07-28,2.0,306.4808272579719
2019-07-28,3.0,301.5202922333186
2019-07-28,4.0,296.55975720866536
2019-07-28,5.0,291.5992221840121
2019-07-29,1.0,258.743314797602
2019-07-29,2.0,253.78277977294874
2019-07-29,3.0,248.82224474829545
2019-07-29,4.0,243.86170972364218
2019-07-29,5.0,238.9011746989889
2019-07-30,1.0,258.743314797602
2019-07-30,2.0,253.78277977294874
2019-07-30,3.0,248.82224474829545
2019-07-30,4.0,243.86170972364218
2019-07-30,5.0,238.9011746989889
